Microrregião;2411300;2412100;2421100;2422901;2422902;2423701;2423702;2424501;2424502;2431800;2439300;2441501;2441502;2442300;2443100;2449101;2449102;2449103;2449199;2451200;2452100;2511000;2512800;2513600;2521700;2522500;2531401;2531402;2532201;2532202;2539000;2539001;2539002;2541100;2542000;2543800;2550101;2550102;2591800;2592601;2592602;2593400;2599301;2599302;2599399;2759701;2759799;2811900;2812700;2813500;2814301;2814302;2815101;2815102;2821601;2821602;2822401;2822402;2823200;2824101;2824102;2825900;2829101;2829199;2831300;2832100;2833000;2840200;2851800;2852600;2853400;2854200;2861500;2862300;2863100;2864000;2865800;2866600;2869100;2910701;2910702;2910703;2920401;2920402;2930101;2930102;2930103;2941700;2942500;2943300;2944100;2945000;2949201;2949299;2950600;3011301;3011302;3012100;3031800;3032600;3041500;3042300;3091100;3091101;3091102;3092000;3099700;3311200;3312101;3312102;3312103;3312104;3313901;3313902;3313999;3314701;3314702;3314703;3314704;3314705;3314706;3314707;3314708;3314709;3314710;3314711;3314712;3314713;3314714;3314715;3314716;3314717;3314718;3314719;3314720;3314721;3314722;3314799;3315500;3316301;3316302;3317101;3317102;3319800;3321000;3329501;3329599;4614100;4661300;4662100;4663000;4664800;4665600;4669901;4669999;4672900;7112000;7120100;7731400;7732201;7732202;7733100;7739001;7739002;7739003;7739099
13007;0;0;0;0;0;0;1;4;90;61;3;205;0;0;126;0;0;0;169;10;558;1736;190;0;13;1;6;7;2368;0;0;65;10;1835;33;44;0;0;242;12;0;62;8;0;1040;2070;12;148;6;0;0;0;0;152;56;0;9;13;365;371;2235;44;49;785;0;0;0;30;0;0;0;0;0;0;0;0;0;0;510;128;0;0;0;0;54;0;54;592;545;750;0;1513;0;1411;60;433;1224;161;2;0;0;0;0;11300;1515;774;1663;17;0;66;5;7;90;0;50;163;40;0;0;0;0;197;23;0;76;0;9;37;0;0;6;12;0;0;0;0;0;25;0;0;0;571;8;226;352;73;14;48;18;156;107;9;85;18;357;183;982;242;0;217;72;307;0;1;28;494
13008;0;0;0;0;0;0;0;0;0;0;0;0;0;0;0;0;0;0;838;0;0;230;0;0;0;0;0;0;0;0;0;0;0;0;0;0;0;0;0;0;0;0;0;0;0;0;0;0;0;0;0;0;0;0;0;0;0;0;0;0;0;0;0;0;0;0;0;0;0;0;0;0;0;0;0;0;0;0;0;0;0;0;0;0;0;0;0;0;0;0;0;0;0;0;0;0;0;0;0;0;0;0;0;0;0;0;0;0;0;0;0;0;2;0;0;0;0;0;0;0;0;0;0;0;0;0;0;0;0;0;0;0;0;0;0;0;0;0;0;0;0;0;0;0;0;0;0;0;0;0;0;0;0;0;0;0;0;0;0;0;0;0;5;0;0;0
23016;15;13;86;5;0;0;391;15;0;2805;0;142;56;0;2;3;0;6;71;204;108;1194;1460;47;104;42;0;7;4002;3;0;286;15;0;218;33;0;0;562;397;92;409;132;72;157;7;516;0;86;333;0;0;0;0;0;54;79;23;267;0;0;10;4;327;0;64;396;126;28;9;0;22;6;62;5;6;0;4;318;18;0;0;0;0;436;15;153;0;0;580;6;0;34;42;277;460;87;3;0;0;0;0;0;17;0;188;46;183;0;24;59;6;194;1;456;18;67;1;15;9;23;299;353;57;88;3;4;86;0;0;0;41;21;10;29;0;0;71;133;0;0;3;0;59;446;322;36;55;74;945;270;113;102;99;314;883;4628;152;25;1635;267;362;0;20;280;458
26013;0;0;4;0;0;0;0;0;0;0;0;0;0;0;0;0;0;14;5;7;0;372;37;155;0;0;0;0;1;0;0;10;0;0;51;0;0;0;0;0;1;28;3;0;2;0;0;0;0;0;0;0;0;0;0;0;0;0;27;0;0;0;0;0;0;0;72;0;0;0;0;0;10;1;0;0;0;0;10;0;0;0;0;0;142;0;10;0;0;0;0;0;0;0;19;0;0;0;0;0;0;0;0;0;0;0;0;0;0;0;0;0;8;0;0;0;0;0;0;0;0;1;0;0;0;0;0;0;0;0;0;0;0;2;0;0;0;0;0;0;0;0;0;0;5;0;0;0;14;0;2;7;0;0;0;34;193;0;148;23;0;0;0;0;35;1
26017;0;0;0;31;0;0;0;0;919;8;52;280;5;0;3;0;0;1;34;134;1;764;1488;37;123;13;0;0;163;0;0;133;48;31;554;60;0;0;536;51;81;101;47;3;563;3;213;3;13;22;0;0;1;10;11;10;192;168;970;0;13;8;0;881;3;6;53;130;0;0;0;25;119;13;0;11;0;3;284;1061;0;0;20;0;372;0;141;4;24;0;54;0;0;9;142;0;70;247;9;0;3;0;0;0;0;129;50;38;0;95;203;50;219;0;32;13;83;44;49;3;7;111;60;38;186;3;4;25;125;0;7;3;5;35;31;0;0;18;45;0;0;15;3;83;162;355;69;113;319;222;873;264;186;74;418;948;9989;876;81;2026;14;973;6;38;352;878
26018;0;0;0;97;0;0;0;0;0;74;8;0;0;0;0;0;0;0;0;0;0;676;1;20;168;0;0;0;0;0;0;645;0;0;9;9;0;0;401;0;0;0;51;0;24;0;0;0;0;0;0;0;0;0;0;0;0;0;2;0;0;0;0;185;0;25;0;0;0;0;0;0;54;446;0;0;0;0;1465;0;0;0;0;0;48;0;22;0;0;0;0;0;0;0;3;10684;0;0;0;0;0;0;0;0;1;0;0;246;0;246;0;0;0;0;0;62;1;0;0;14;0;12;0;0;19;0;0;31;0;0;0;0;1;0;0;0;0;39;0;0;0;0;0;19;206;14;0;0;1;1;10;0;0;0;0;20;6019;3;0;237;144;0;2;0;0;69
29021;0;400;0;91;0;0;639;35;0;9;0;160;2;8;879;0;0;2;87;41;37;947;970;433;169;0;62;7;21;0;0;1407;8;0;1079;65;0;0;281;143;25;152;56;0;349;30;2499;43;97;118;0;0;0;20;0;0;152;8;59;15;5;0;0;241;0;0;64;14;204;21;0;0;0;0;0;0;0;41;102;4395;0;0;0;0;119;0;217;321;0;114;2;57;461;2775;235;82;234;33;0;0;0;0;0;0;53;0;0;281;0;147;112;0;466;0;240;17;100;116;21;69;3;157;257;43;1909;0;0;36;18;0;9;4;80;19;10;0;2;438;19;0;0;628;26;263;159;284;311;130;76;135;318;65;130;71;203;529;12866;599;166;2545;672;540;46;29;428;1635
31009;0;0;0;0;0;0;0;0;0;0;0;0;0;0;0;0;0;0;1699;0;17;0;3;0;0;0;0;0;0;0;0;1;0;0;73;0;0;0;0;0;0;0;0;0;25;0;0;0;0;0;0;0;0;0;0;0;0;0;0;0;0;0;0;34;0;0;0;0;0;0;0;0;0;0;0;0;0;0;0;0;0;0;0;0;0;0;0;0;0;0;0;0;0;0;0;0;0;0;0;0;0;0;0;0;0;0;0;0;0;0;0;0;0;0;0;0;0;0;0;0;0;1;0;0;0;0;0;0;0;0;0;0;0;0;0;0;0;0;0;0;0;0;0;0;0;0;1;0;0;0;0;0;0;0;0;0;0;0;7;7;0;0;0;0;14;1
31027;3184;0;94;0;0;0;0;2;0;0;0;1;0;0;0;0;0;0;148;350;66;461;60;328;162;0;456;0;21;0;0;144;27;6;51;25;0;0;0;1;19;28;25;0;166;3;0;0;0;0;0;0;0;17;12;0;0;0;3;0;0;0;0;55;0;0;35;5;0;0;0;0;131;0;0;0;0;0;0;0;0;0;0;0;103;0;45;2153;0;0;9;131;77;2434;120;0;0;0;130;0;0;0;0;0;0;20;30;50;0;0;0;0;52;0;42;3;3;0;4;3;15;16;0;13;0;44;2;0;0;0;1;0;2;0;3;0;0;10;0;0;0;0;0;14;29;21;0;2;11;2;9;7;0;0;0;0;271;50;13;287;497;28;0;0;18;315
31030;1124;46;9;528;75;4000;1411;1762;370;901;113;224;86;6;7;0;0;0;512;4738;1707;3297;1955;871;192;3;351;24;1448;63;0;1684;379;31;1541;372;17;0;456;1240;820;223;449;54;4005;31;128;6;305;165;105;0;1;247;280;38;561;1480;778;7;2;132;23;3254;3;42;32;341;0;860;8;1759;709;53;1;21;47;19;2092;16151;0;2649;0;0;458;31;342;2206;347;395;1868;993;2402;17931;433;0;0;2;799;7;130;0;0;0;0;4;62;142;0;267;100;18;973;15;297;64;186;31;8;33;26;199;207;72;703;10;13;139;9;210;54;45;121;32;2;0;19;4944;150;201;13;0;6;246;322;244;110;239;367;1443;1732;435;495;204;422;1545;23286;1311;51;3656;852;940;287;268;796;2599
31032;6;0;0;0;0;2317;0;0;0;0;0;0;0;0;0;0;0;0;0;145;0;0;6;0;0;0;0;0;0;0;0;1;0;0;14;0;0;0;0;0;0;29;0;0;0;0;0;0;0;0;0;0;0;0;0;0;0;0;0;0;0;0;0;0;0;0;0;2;0;0;0;0;0;0;0;0;0;0;0;0;0;0;0;0;0;0;0;0;0;0;0;0;0;0;0;0;0;0;0;0;0;0;0;0;0;0;0;0;0;0;0;0;0;0;21;0;0;0;0;0;0;0;0;0;0;0;0;3;5;0;0;0;60;0;0;0;0;0;0;0;0;0;0;1;0;0;0;0;0;0;0;0;0;0;0;3;47;0;0;60;0;0;0;0;1;0
31034;20;220;0;0;0;0;5662;0;0;0;15;0;0;0;0;0;0;0;3;0;2;440;48;94;0;0;0;0;0;0;0;0;0;0;38;0;0;0;0;0;0;13;0;0;236;0;0;0;84;0;0;0;0;0;0;0;0;0;0;0;0;0;0;0;0;0;0;0;0;0;0;0;0;0;0;0;0;0;356;0;0;0;0;0;0;0;0;0;0;0;0;0;1;0;33;0;0;0;10;0;0;0;0;0;0;0;0;19;0;0;1;0;69;0;4;0;3;0;0;0;0;15;0;0;94;0;0;0;0;0;0;0;350;0;0;0;0;1;0;0;0;0;0;4;743;4;1;0;0;0;6;0;0;0;0;45;163;6;9;159;0;20;6;5;163;48
31039;0;0;10;7380;2577;0;2;0;443;34;0;0;0;0;0;0;0;0;10;24;433;5158;161;402;0;0;18;0;133;28;0;562;79;80;169;14;0;0;206;82;2;3;22;0;63;0;0;1;30;0;0;0;0;0;0;0;10;1;97;0;0;0;0;4;0;0;0;0;0;0;0;0;57;33;0;0;0;0;528;0;0;0;0;0;86;0;0;0;0;5;0;0;3;0;13;0;0;0;0;0;0;0;0;0;0;0;0;0;0;33;1;0;148;0;0;0;88;71;0;3;177;28;12;11;175;0;0;1;0;0;0;0;18;0;6;146;0;8;0;0;0;0;0;16;18;12;18;3;0;0;33;0;0;0;52;97;316;27;6;211;10;18;0;6;33;226
31043;1791;3;0;259;0;0;845;0;199;78;0;144;3;0;44;0;0;0;17;5045;483;62;130;210;42;0;2;11;223;0;0;93;101;0;214;124;0;0;0;14;374;514;45;0;229;0;12;0;14;14;9;0;0;0;8;0;0;36;34;0;0;0;0;204;0;0;18;19;0;14;0;37;55;0;0;44;0;2;154;0;0;0;0;0;108;0;29;535;0;0;27;2;1;105;29;0;0;0;0;0;0;0;0;0;0;1;82;1;0;0;7;0;7;0;7;0;4;0;1;1;1;20;1;20;7;5;11;3;0;0;5;0;1;6;5;7;0;18;0;0;0;0;0;15;8;14;3;4;6;4;80;6;4;0;83;167;126;13;4;129;11;73;0;0;53;338
31050;0;0;4;0;0;0;0;0;0;0;0;1;0;0;0;0;0;1;70;22;2;66;1007;134;0;81;72;0;54;3;0;73;12;30;197;102;0;0;0;3;38;18;4;0;293;0;342;3;0;0;0;0;0;4;0;0;1;0;0;0;0;0;0;86;0;0;107;35;0;15;0;0;23;12;0;0;0;0;17;0;0;0;0;0;8;0;0;303;0;0;0;800;1;1525;158;0;0;0;0;0;10;0;0;0;0;0;2;2;0;0;2;0;12;0;13;0;0;0;0;0;0;0;1;2;16;5;3;23;0;0;0;0;4;0;1;0;0;23;0;6;0;0;3;13;28;10;0;4;63;1;5;0;21;0;15;19;130;14;9;59;15;38;4;0;15;8
31052;0;9;0;0;0;34;24;0;75;0;0;0;92;0;0;0;0;0;15;664;60;83;67;58;0;0;0;0;77;0;0;42;0;0;180;5;0;0;264;27;8;59;7;0;328;0;0;0;6;0;0;0;0;6;0;306;0;50;76;0;0;0;0;213;0;0;0;10;0;0;0;40;8;32;0;4;0;0;18;0;0;0;0;0;30;0;1396;6;0;722;0;1110;1395;841;3;0;0;0;0;0;0;0;0;0;0;0;0;0;0;0;7;0;11;0;4;0;0;11;0;0;0;3;0;0;29;8;0;4;0;0;0;0;11;0;0;0;0;0;0;0;0;0;0;9;7;0;3;1;49;0;81;0;1;0;4;37;157;12;0;70;2;22;0;0;12;6
31056;0;0;0;0;0;0;0;0;0;0;0;0;0;0;3;0;0;0;4;4;3;13;20;22;0;0;0;0;25;0;0;95;1;19;63;89;0;918;20;59;21;3;8;1;120;0;16;0;0;0;0;0;0;0;6;0;0;0;0;0;0;0;43;34;0;0;1;0;0;0;0;0;0;11;0;0;0;0;15;0;0;0;0;0;0;0;0;16;0;0;77;188;2;4839;0;0;0;0;0;0;702;0;0;1;0;0;0;0;0;0;0;0;0;0;37;0;0;0;0;0;0;0;0;0;1;0;0;1;0;0;0;0;87;0;1;0;0;2;0;0;0;0;0;1;502;1;0;0;0;0;14;15;10;0;3;38;126;0;0;22;0;0;0;0;1;0
32009;197;143;8;4920;0;0;455;0;72;355;0;0;11;0;0;0;0;8;1;95;12;1873;694;239;67;0;39;0;381;0;0;424;13;0;343;41;0;0;0;18;7;117;42;0;742;0;29;0;78;66;0;0;0;0;0;7;49;0;61;1;8;11;0;145;0;0;178;43;15;0;0;0;60;33;0;4;3;0;153;0;0;0;0;0;251;0;81;16;0;0;0;0;42;7;78;8;24;0;0;118;0;0;0;1;0;2;0;33;0;186;50;6;157;2;82;42;96;30;0;71;0;80;54;0;806;0;0;42;124;0;0;18;322;11;1;0;0;316;31;1;18;140;1;112;103;80;7;28;46;317;473;267;74;66;257;778;3099;364;4;1853;80;166;76;8;328;679
33007;0;0;0;0;0;0;0;0;0;0;0;0;0;0;0;0;0;0;8;0;42;16;115;3;0;1;0;2;20;0;0;3;0;0;2743;0;0;0;87;6;7;0;0;0;561;0;0;0;0;0;0;0;0;3;0;0;12;38;0;0;0;0;0;6;0;0;0;1;35;132;0;0;0;0;0;5;0;0;0;0;0;0;0;0;2;0;0;0;0;0;174;23;0;70;55;0;0;0;0;0;0;0;0;0;0;0;39;0;0;1;0;0;0;0;0;0;0;0;0;0;0;1;0;0;0;0;0;0;0;0;0;0;0;0;0;0;0;0;0;0;0;0;0;0;0;6;0;3;3;0;1;5;7;8;12;30;36;13;0;10;3;0;0;0;2;8
33011;0;0;0;11336;0;0;2010;0;11;0;997;0;0;0;0;0;0;0;25;34;57;550;210;151;216;0;0;0;37;0;0;647;0;0;49;0;0;0;1308;22;9;0;270;0;326;0;5;0;0;0;0;0;1;61;1;0;37;3;1;0;0;0;0;99;0;0;33;21;0;0;0;428;6;8;0;0;0;5;14;4163;0;0;794;27;484;22;0;3;0;0;256;449;74;1912;48;0;0;0;0;0;0;0;0;0;0;0;13;10;0;6;6;21;8;1;15;1;107;0;0;0;0;177;48;107;73;0;0;21;0;0;0;3;504;1;0;0;0;13;0;0;0;0;0;55;2415;35;7;2;15;0;123;3;8;5;42;19;589;70;0;253;64;18;0;0;4;249
33013;0;0;0;0;0;0;0;0;0;0;0;0;0;0;0;0;0;0;18;0;0;0;7;5;0;0;0;0;0;0;0;3;0;0;24;0;0;0;0;0;4;5;0;0;0;0;0;0;0;0;0;0;0;0;0;0;0;0;0;0;0;0;0;0;0;0;0;0;0;0;0;0;0;0;0;0;0;0;0;0;0;0;0;0;0;0;0;0;0;0;0;0;0;0;8;7935;82;41;0;0;0;0;0;0;0;0;0;0;0;3;0;0;1;0;9;3;0;0;0;0;0;6;0;0;1;0;0;1;0;0;0;0;0;0;0;0;9;0;0;0;0;21;28;18;9;1;0;0;0;0;0;0;1;0;0;0;1176;0;0;23;0;0;0;0;11;0
33018;0;0;2753;71;17;2;0;2;2078;1113;275;421;90;58;0;0;0;9;256;184;627;2892;2360;1649;523;0;144;51;955;45;0;1017;206;114;948;174;77;0;1124;314;272;330;181;39;2212;0;501;35;334;1413;7;5;0;38;193;61;805;541;925;44;52;82;8;2069;0;21;263;104;1872;102;35;126;186;250;0;0;0;23;1264;115;0;0;24;0;933;2366;109;232;6;81;745;24;50;534;319;14314;971;393;12;95;42;0;0;0;0;186;96;683;0;212;45;9;528;0;516;787;181;148;47;14;24;869;781;164;1600;0;0;110;346;3;8;65;778;15;29;0;0;389;168;1354;14;6836;102;415;867;830;376;411;75;954;2102;815;655;154;2382;1271;36041;4743;34;3315;994;2161;12;285;570;4366
35004;0;2;0;10;17;0;0;0;172;0;9;3;10;26;0;0;0;0;0;161;44;707;2620;15;341;0;84;0;75;79;0;87;70;0;471;59;0;0;0;11;30;618;86;18;430;0;155;0;39;298;50;0;0;0;6;0;43;150;174;0;0;0;0;214;6;22;252;102;0;0;0;0;122;173;0;26;3;0;180;0;0;0;0;0;1610;0;12;9;0;18;0;38;13;269;198;0;6;9;0;0;0;0;0;0;0;9;11;183;0;1;27;0;29;1;0;3;36;0;0;0;0;11;10;0;23;36;19;7;0;0;0;24;2;0;0;0;0;24;0;35;0;0;0;6;54;167;3;3;369;41;120;45;16;51;55;243;821;65;40;188;55;40;0;9;54;94
35005;0;29;0;0;0;0;0;0;0;0;6;0;0;0;0;0;0;0;0;206;136;75;146;0;21;0;94;81;29;0;0;5;0;0;87;0;0;0;1;114;131;2;7;0;160;95;1398;0;0;3;0;0;0;0;143;0;0;0;0;0;0;0;0;181;0;5;689;7;0;0;0;36;0;41;0;0;0;0;12;0;0;0;0;0;5;0;0;44;30;0;0;0;0;78;23;0;0;0;0;0;0;0;0;0;0;0;0;8;0;6;0;0;0;0;0;0;0;0;0;0;0;3;0;0;6;9;4;5;0;0;0;0;0;0;0;0;0;0;0;0;0;0;0;0;229;0;0;0;269;2;49;0;0;0;0;74;16;0;51;20;0;6;0;0;0;10
35013;0;0;0;0;0;0;0;0;0;0;2;80;67;0;0;0;0;0;0;952;22;436;96;204;1240;0;0;93;180;0;0;128;0;0;65;11;0;0;0;0;13;63;0;0;115;0;0;0;364;0;0;0;0;888;0;0;0;0;6;0;0;35;0;249;0;0;381;13;0;0;0;5;9;1;10;0;0;0;122;0;0;0;0;0;71;0;9;159;0;0;0;0;0;157;6;0;0;0;0;0;0;0;0;0;377;69;0;13;0;5;0;0;35;0;0;0;1;0;1;0;0;0;0;6;157;41;0;0;0;0;0;0;5;13;0;0;0;72;0;0;0;0;0;118;5;34;0;4;246;5;136;0;3;0;4;26;231;0;11;21;6;0;0;11;18;89
35014;0;0;0;9;0;0;0;0;38;67;12;0;13;0;0;0;1;29;80;863;225;406;540;1653;24;1583;0;0;89;0;0;521;15;0;496;132;0;0;0;94;96;60;91;5;250;0;120;1037;216;274;228;0;0;562;33;0;96;413;104;0;8;13;0;2097;0;120;2196;163;0;86;0;45;151;1171;0;0;34;5;1630;1;0;0;11;0;136;0;33;160;34;5;24;429;0;286;49;0;0;17;0;0;0;0;0;0;34;49;10;435;0;223;12;0;14;0;37;40;31;58;1;20;0;27;94;5;191;98;16;15;0;0;0;20;15;43;0;1;0;173;0;31;0;0;0;59;715;129;8;12;477;17;1160;179;95;38;243;146;1384;411;80;620;24;19;0;32;243;316
35021;0;0;0;0;0;0;0;0;119;0;0;0;0;0;0;0;0;0;28;40;69;113;200;36;163;0;0;0;9;0;0;53;5;5;228;202;0;0;0;21;12;1;0;0;251;0;10;5;18;0;0;0;0;0;0;0;0;0;107;0;0;4;0;166;507;0;2082;4;0;0;749;0;7;243;0;16;7;0;321;0;0;0;0;0;28;0;0;0;0;0;132;677;0;46;150;4;11;30;0;0;0;0;0;0;0;0;0;61;0;0;4;1;0;0;0;0;3;14;0;3;0;8;2;0;42;2;17;0;0;0;1;0;0;26;7;0;0;1;0;4;0;1;0;1;83;1;0;1;54;2;26;0;0;0;5;38;413;6;54;30;0;10;0;0;3;30
35023;0;0;0;0;0;0;0;0;0;0;0;0;0;0;0;0;0;0;0;9;43;2;84;0;46;0;0;0;57;40;0;121;9;0;101;0;0;0;0;12;0;20;0;0;286;0;0;0;0;0;0;0;0;0;259;0;0;0;0;0;0;0;0;13;0;26;26;24;0;0;0;0;0;0;0;0;0;0;52;0;0;0;0;0;0;4445;32;0;1;0;0;1;0;887;8;0;0;0;0;0;1773;69;0;0;0;0;9;2;0;0;0;0;0;0;0;0;0;0;0;2;0;3;0;0;3;0;0;65;0;0;0;0;0;0;0;0;0;2;0;0;3;0;0;5;0;12;0;0;5;0;24;0;10;0;20;35;105;10;0;39;1;0;0;0;10;13
35024;0;0;0;0;0;0;0;0;0;0;0;54;0;0;0;0;0;2;27;75;36;120;199;0;114;0;0;28;73;0;0;71;12;3;142;73;0;0;116;28;11;551;2;0;128;0;42;125;155;33;22;0;0;21;19;57;0;25;0;0;0;0;0;2347;0;13;5550;88;0;0;168;0;170;591;4;0;0;0;347;0;0;0;0;0;59;0;20;86;633;0;18;0;0;0;44;0;0;0;0;0;1641;0;0;0;13;0;0;13;0;4;0;0;107;0;3;0;0;10;1;1;0;33;10;5;46;19;35;25;0;0;0;0;0;9;0;0;0;36;0;315;0;0;0;8;201;29;0;1;198;0;203;0;18;0;83;18;103;69;17;558;2;2;0;0;3;297
35025;0;0;0;0;0;0;0;0;0;0;60;0;0;0;0;0;0;0;0;321;30;326;262;0;27;0;6;0;313;0;0;112;59;0;116;219;0;0;16;29;189;4;30;0;649;0;35;0;1;0;0;3208;0;0;65;18;0;0;140;0;0;7;0;209;0;0;444;115;0;39;0;0;34;66;0;0;0;176;313;836;0;5;0;0;9;0;0;77;0;0;0;0;0;156;9;0;0;0;0;0;32;0;0;0;0;0;8;0;0;4;0;0;20;0;6;1;0;0;1;0;0;3;0;1;38;1;3;0;1;0;0;5;1;0;0;0;14;8;0;0;0;0;0;2;525;16;6;0;42;18;56;16;8;11;79;96;119;6;20;44;2;46;0;0;49;19
35027;0;11;348;20;4;9;25;0;128;101;40;2;352;1;0;0;0;4;45;977;263;583;465;5;139;0;0;51;1025;21;0;238;157;12;374;259;0;0;16;87;132;300;44;0;2253;0;349;0;68;247;30;0;3;310;2;8;31;941;109;0;0;53;2;710;0;78;1016;868;0;356;0;0;60;167;21;9;23;11;1028;0;0;0;0;0;219;0;6;537;0;2215;180;257;122;4953;169;0;0;0;0;25;0;0;0;0;0;1193;56;54;0;51;0;0;31;0;19;12;11;3;0;0;1;39;6;0;28;47;16;75;0;0;0;0;13;0;2;0;0;348;27;4;0;0;0;16;125;39;0;6;243;47;255;8;3;0;103;31;162;42;1;71;20;7;0;0;7;29
35028;0;100;0;47;22;0;388;14;93;36;85;0;0;3;0;0;0;0;38;933;170;127;326;395;383;175;1;43;222;0;0;429;42;0;384;135;0;0;2;137;72;21;54;0;1442;0;4;1562;579;277;0;0;0;226;53;0;3;800;128;0;246;68;0;1798;286;2;998;258;0;208;4611;0;135;908;98;0;14;13;2124;2486;797;0;0;0;25;0;521;408;17;236;0;566;145;3749;104;0;0;0;0;0;0;0;0;3;0;0;52;128;0;45;0;0;40;0;89;0;51;1;0;10;0;20;0;0;57;3;1;17;0;0;0;0;36;0;5;10;0;95;0;0;0;0;0;47;396;12;20;10;111;248;505;25;23;60;208;150;361;619;1;157;0;6;0;5;41;69
35030;0;0;0;0;0;0;0;0;0;0;0;0;0;0;0;0;0;0;112;134;54;401;120;27;7;14;0;0;143;0;0;92;22;0;203;65;0;0;445;21;95;48;75;0;883;0;0;0;208;0;0;0;0;3;19;7;0;0;0;0;0;1;3;644;0;114;1527;15;0;26;0;210;47;129;0;0;0;4;262;0;0;0;0;0;42;0;0;286;0;0;0;0;0;3035;15;0;0;0;0;0;105;0;0;0;0;126;26;9;0;1;3;0;59;0;0;0;2;0;0;0;0;73;5;4;2;26;2;0;0;0;0;3;2;0;0;2;0;5;0;0;0;0;0;38;37;15;0;6;411;0;50;12;0;0;70;190;65;0;5;73;11;2;0;0;21;11
35031;0;0;0;0;0;0;0;0;85;0;0;0;0;0;0;0;0;0;0;673;161;102;136;348;22;5;0;25;87;2;0;74;27;0;161;135;0;0;3;143;82;11;46;0;828;0;186;0;580;11;0;0;9;48;225;0;0;123;38;0;0;5;0;319;8;86;1803;67;0;0;0;43;232;1;2;7;59;0;509;0;0;0;0;0;18;0;3;4220;949;684;1490;23;0;1423;16;0;13;3;0;0;0;0;0;0;0;330;295;78;0;28;1;0;27;0;255;0;139;0;0;2;0;1;0;4;87;6;1;29;0;0;0;0;0;7;0;75;12;125;0;0;0;0;0;6;103;51;13;0;61;12;40;0;36;0;66;57;322;20;19;66;0;0;0;0;1;25
35032;4;60;15;0;20;0;1451;337;62;250;50;114;335;0;55;0;0;47;501;1529;582;640;1672;145;633;3;118;67;915;76;0;1687;437;75;1057;1426;0;0;324;751;383;1075;191;6;3970;34;72;276;634;615;5;0;13;762;160;98;23;613;767;24;39;244;4;4812;287;191;1444;3189;20;154;225;487;314;221;219;395;140;349;2677;5640;0;0;692;0;772;0;46;10463;2160;1552;79;586;0;8851;145;0;105;8;2006;221;113;104;0;0;21;191;339;299;0;180;58;27;91;36;258;17;142;176;139;45;16;134;121;12;428;17;0;172;14;2;0;19;164;157;28;51;94;951;265;26;18;0;3;83;454;280;21;44;388;402;2202;268;264;144;662;1323;3379;1894;1;1284;82;138;0;303;170;796
35038;0;6;0;0;0;0;0;0;0;0;11;0;0;0;0;0;0;0;0;47;80;80;1443;0;0;15;0;0;19;0;0;26;0;0;84;70;0;0;0;36;17;86;47;0;786;0;8;59;13;37;0;0;0;0;0;0;0;0;0;0;0;0;0;389;0;69;2869;16;0;21;0;10;0;54;0;1;61;20;207;0;0;0;0;0;21;0;13;0;0;0;0;0;0;73;14;0;0;27;0;0;0;15;0;0;0;0;0;0;0;6;19;1;0;2;4;0;1;0;0;0;0;150;2;1;0;4;9;15;0;0;1;1;1;6;0;0;0;2;0;70;0;0;3;0;356;7;0;20;62;0;72;7;4;6;6;21;79;44;0;66;0;179;0;0;1;11
35043;0;47;0;0;0;0;0;0;0;0;0;1;62;0;0;0;0;0;0;0;0;284;243;5;14;0;1;0;81;0;0;49;21;17;119;46;0;0;0;25;15;314;49;0;1377;0;0;0;0;37;0;0;0;0;0;0;0;0;10;0;32;0;0;206;0;0;21;20;0;0;0;0;0;47;0;0;4;0;114;42;0;0;0;0;0;0;9;0;7;0;0;3296;3;1461;2;0;0;0;0;0;0;0;0;0;40;0;59;27;0;8;0;0;0;0;12;0;1;0;0;0;0;6;3;0;20;7;0;10;0;0;0;0;11;0;0;0;0;14;0;0;0;0;0;0;51;12;4;2;18;7;94;0;0;0;8;80;686;0;1;47;0;0;0;6;9;6
35046;0;45;1;0;111;0;650;1;139;84;83;5319;793;0;0;0;0;0;96;541;226;1193;849;905;277;0;582;9;1044;0;0;1376;318;0;571;1595;0;0;898;105;177;226;77;0;1807;58;59;0;426;423;3;0;0;143;116;39;0;588;633;8;433;55;0;2408;108;19;366;1059;25;650;252;1637;108;241;47;15;34;21;10295;1570;0;0;0;0;85;0;13;487;2348;621;1593;1187;425;9663;108;0;0;24;0;8;16;0;0;0;0;87;56;84;0;29;2;0;50;0;228;15;13;82;10;15;16;36;1;2;127;0;0;145;8;3;1;2;69;5;0;0;19;166;0;277;0;0;0;47;839;63;2;3;112;60;1051;80;84;25;373;325;702;72;26;428;35;26;0;0;42;346
35047;0;7;7;0;0;0;0;3;0;207;10;25;4;0;0;0;0;0;200;605;108;131;430;139;24;684;59;4;1032;96;0;974;175;28;480;383;0;0;420;66;394;136;11;2;1739;0;0;6;1247;996;87;0;0;36;132;37;43;282;290;84;0;8;0;917;15;0;59;562;0;0;0;0;28;48;5;0;0;40;527;0;0;0;0;0;25;0;0;2703;203;1726;1378;796;0;4378;29;0;0;0;0;38;0;0;0;0;10;23;0;61;0;54;1;0;8;35;52;0;25;2;23;10;0;102;64;2;164;2;1;128;0;0;1;0;44;25;0;61;7;84;0;29;5;0;366;7;224;58;30;26;112;21;228;7;8;20;350;364;543;109;4;185;3;105;0;5;48;418
35048;0;35;0;0;84;0;0;0;6;0;43;0;98;0;6;0;0;0;0;702;49;346;224;12;1;0;0;0;212;5;0;563;155;0;145;665;0;0;23;151;183;590;93;0;557;32;36;4;366;11;0;0;22;188;0;2;37;36;253;0;186;0;0;1242;0;12;75;578;0;0;0;103;126;21;3;34;165;74;454;0;0;0;0;0;0;0;0;592;29;191;0;3541;655;2999;208;0;0;53;0;0;7;72;0;15;0;78;7;0;0;40;1;2;1;2;3;0;7;0;0;0;11;35;1;1;13;57;3;11;0;0;1;27;2;2;0;0;0;2;1;19;9;0;0;13;139;38;0;12;8;40;153;8;1;75;63;41;507;9;0;114;17;33;0;0;0;180
35050;113;0;0;0;0;0;2473;72;547;1143;11;147;1302;0;0;0;0;1;17;86;13;1465;400;1392;70;0;0;0;276;129;0;1430;96;5;402;207;1197;0;404;46;138;12;19;26;1306;8;0;0;8;136;92;0;0;180;39;0;0;121;413;0;552;136;0;1203;13;0;15;248;838;88;245;3;53;104;8;0;0;7;453;10907;0;1898;0;0;36;8;0;706;0;138;1284;17;1167;5252;60;0;11;5;0;454;12826;2082;0;0;32;38;34;65;0;150;13;0;11;0;45;1;74;1;16;74;33;193;53;2;166;6;0;119;12;0;0;7;89;29;1;0;0;1798;5;64;5;0;0;87;2136;209;1;52;9;7;269;30;80;7;249;242;2325;251;1;574;60;83;1;4;406;494
35051;0;0;0;0;0;0;0;0;0;248;0;0;0;0;0;0;0;53;0;1216;120;91;24;100;22;0;0;0;110;123;0;20;63;0;129;7;115;0;0;104;0;4;0;0;669;0;0;0;0;0;0;0;0;0;0;0;0;0;2;0;0;4;0;156;0;0;0;19;0;0;0;942;0;0;0;0;0;0;77;0;0;0;0;0;0;115;4;0;0;0;0;1;0;5041;29;0;0;0;0;0;0;251;0;0;0;0;0;0;0;13;0;0;0;0;1;0;95;0;0;0;0;4;0;0;0;0;0;2;39;0;1;0;0;3;0;0;0;6;0;0;0;0;0;2;6;9;0;2;0;0;6;1;4;0;131;12;123;43;0;104;1;0;0;0;0;22
35053;0;0;0;0;0;0;0;0;0;0;0;0;0;0;0;0;0;0;0;0;0;7;2;829;0;39;0;0;0;0;0;302;0;0;6;0;0;0;0;15;0;0;0;0;0;0;0;0;0;0;0;0;0;0;0;0;0;2;0;0;0;0;0;209;0;0;0;0;0;0;0;0;0;21;0;0;0;0;0;0;0;0;0;0;0;0;0;0;0;0;0;0;0;669;0;0;0;0;0;0;0;0;0;0;0;0;0;0;0;0;0;0;0;0;0;0;0;0;0;0;0;0;0;0;0;0;0;0;0;0;0;0;0;0;0;0;0;0;0;0;0;0;0;5;3;0;0;0;0;0;0;0;0;0;0;0;6;0;1;109;0;0;0;0;0;0
35057;0;27;2;0;0;0;0;664;55;28;0;103;92;0;498;0;0;11;283;779;215;539;433;4;59;0;220;46;633;0;0;785;203;135;331;256;0;0;1496;26;38;336;55;0;2089;0;0;178;240;1268;622;19;1025;256;229;108;54;712;490;99;0;38;4;1005;0;52;56;177;788;54;0;13;49;366;132;0;76;7;974;0;0;0;0;0;26;0;195;314;486;303;117;291;12;4507;64;0;22;144;147;28;0;0;0;23;0;21;103;6;0;187;60;0;91;0;105;1;17;8;0;2;6;131;8;10;178;0;0;11;0;0;3;0;2;0;11;0;10;143;4;142;0;0;0;40;110;391;152;56;6;615;1998;576;403;71;2126;1090;6418;870;19;1017;703;362;0;2;106;1157
35059;0;69;0;129;0;37;10;0;633;1371;91;244;173;462;37;0;25;42;279;807;1068;311;824;243;141;23;340;0;1947;27;0;1104;284;3;642;208;0;0;1460;1189;1615;570;90;0;3897;0;796;9;385;472;227;0;7;437;49;16;29;972;295;0;0;18;30;647;92;0;256;369;0;527;0;36;161;350;121;50;14;37;1269;0;0;0;0;1486;2256;0;24;1628;11;0;774;1867;0;8787;28;0;0;5;0;0;0;4;0;213;0;158;520;4;0;108;25;0;62;2;55;0;15;0;7;0;3;48;21;0;77;0;0;31;0;0;20;12;103;0;0;64;0;67;0;32;224;0;0;318;338;41;19;38;4;66;519;24;80;25;269;441;395;135;0;751;581;127;0;0;638;367
35060;0;0;0;51;0;3;0;194;11;179;0;7;0;0;10;0;0;0;51;218;24;36;609;4;37;9;166;116;569;0;0;230;24;14;1030;86;9;0;20;207;327;176;0;0;1452;0;101;0;185;176;16;0;14;18;92;47;0;943;266;17;5;86;0;1028;49;0;116;19;51;16;0;5;2;12;34;0;0;8;786;4;0;0;0;0;39;0;13;1083;1;56;0;0;0;2652;23;0;0;563;0;0;0;0;0;0;0;171;28;3;0;4;17;0;11;0;7;0;4;0;0;0;0;17;49;87;153;0;0;6;0;0;0;13;3;100;0;0;24;14;0;0;0;4;0;55;217;221;10;74;11;13;631;47;30;22;359;47;930;177;0;530;59;45;0;0;419;879
35061;0;43;12;1129;85;89;415;470;3135;712;895;1455;966;237;3249;0;6;301;2151;1982;2496;3054;6737;778;412;41;543;469;9365;581;0;5614;2037;193;5187;4004;8;1499;3278;4070;3382;3483;999;0;17238;27;6656;1600;739;5157;297;21;405;1382;775;380;1091;2959;3125;303;256;1004;84;12522;71;98;256;3707;1;265;61;143;1111;2465;499;116;941;387;9374;27987;1;0;15956;2110;981;52;1090;3411;1692;780;4152;3911;1002;37047;730;0;15;142;1138;631;155;81;0;97;70;751;182;356;0;808;225;40;430;0;956;176;179;48;87;45;120;1143;813;163;3206;5;4;354;0;60;6;92;234;53;34;54;43;1476;577;405;49;5;6;615;2773;2005;664;891;604;538;10352;3899;1900;323;8415;6463;46740;4111;47;5052;443;3427;4;401;1720;5573
35062;0;10;0;8;0;0;800;97;107;75;78;166;371;10;269;15;0;0;581;254;762;133;917;13;110;6;1;77;654;134;0;672;176;16;543;127;0;25;253;366;421;336;385;0;2373;10;260;0;20;436;0;0;555;16;207;0;91;730;111;0;24;5;0;599;1096;5;135;44;0;0;970;0;25;148;31;0;0;21;509;0;0;0;0;0;175;0;227;371;0;67;270;1364;0;4184;16;0;0;0;0;0;0;0;0;68;0;404;142;3;0;1;0;0;20;2;95;2;41;0;11;30;0;21;1;0;101;0;0;44;0;0;0;0;19;0;0;69;0;93;0;0;0;0;0;26;406;56;15;9;23;16;300;94;52;5;109;416;1172;71;0;290;14;34;0;0;52;133
41009;0;0;3;0;0;0;0;33;108;0;0;83;396;0;0;0;0;0;14;84;21;284;450;49;141;13;26;7;22;2;0;143;6;0;340;109;0;0;1;41;102;177;35;0;374;0;113;0;155;76;184;0;0;2;21;0;28;259;131;0;15;6;0;223;0;29;775;90;0;0;0;10;9;114;0;0;0;4;75;0;0;0;0;0;1766;0;203;67;0;0;258;6;0;308;136;0;69;67;0;0;0;0;0;0;22;216;0;0;0;6;6;0;22;0;12;0;3;0;4;13;5;27;0;2;104;0;0;17;0;0;0;0;1;103;11;0;0;84;0;0;11;0;0;9;58;45;41;7;250;80;170;40;56;49;153;50;375;107;47;276;10;16;0;2;43;118
41011;0;37;0;10;0;0;0;25;50;0;14;338;719;0;0;0;0;0;19;25;90;320;415;0;9;6;140;92;128;7;0;266;139;0;370;73;0;0;1;359;87;148;138;0;1891;2;154;0;4;31;25;0;0;0;21;0;445;192;469;0;0;59;0;474;0;26;584;27;0;0;0;194;34;7;0;0;0;32;419;0;0;0;0;0;697;0;0;258;0;22;339;6;3;125;158;0;0;0;0;0;0;0;0;0;0;82;30;60;0;2;17;0;54;0;14;0;12;0;8;0;0;17;29;3;37;46;3;27;0;0;0;20;6;0;0;8;0;42;0;29;0;0;0;7;71;52;5;0;193;30;218;28;40;10;90;176;513;48;12;207;37;13;0;12;232;258
41021;0;4;0;0;0;0;0;2;0;7;0;0;0;0;0;0;0;0;8;733;918;372;264;0;37;0;12;0;41;0;0;71;0;0;33;375;0;0;203;41;16;4;0;0;93;11;0;0;0;0;5;0;0;1;5;0;3;182;35;0;0;10;0;600;0;0;120;16;0;0;0;46;21;153;0;6;14;0;35;0;0;0;122;0;210;0;4;0;0;0;0;0;9;79;8;0;0;0;20;0;0;0;0;0;0;0;6;1;0;25;1;1;47;0;28;6;2;8;4;0;0;7;31;0;8;62;1;0;0;0;0;0;3;38;0;71;0;49;143;0;0;0;0;183;131;112;0;1;270;1;85;0;38;14;5;31;289;6;0;68;1;3;0;1;28;33
41023;0;0;0;1;0;0;0;0;15;0;37;38;0;0;0;0;0;0;4;30;9;439;443;0;7;0;0;0;40;0;0;28;4;0;24;7;0;0;0;1;28;156;14;0;66;0;0;0;5;0;0;0;0;0;0;0;17;3;85;0;0;8;0;117;0;0;1216;24;0;0;0;16;47;6;0;0;7;2;75;0;0;0;0;0;219;1799;21;4;0;0;10;8;2;42;70;0;0;0;0;0;0;0;0;0;0;0;7;75;0;24;4;0;2;0;8;0;0;0;0;7;0;4;0;2;6;28;0;2;0;0;1;2;8;8;0;0;0;3;0;0;0;0;1;0;96;19;0;76;353;5;63;19;121;24;22;131;104;77;3;48;4;6;0;0;0;30
41037;0;0;288;14;0;2;154;9;60;505;34;133;0;1;18;15;0;0;261;269;2936;2203;1819;325;230;0;18;41;1565;27;0;1743;249;14;1533;911;51;1;527;257;441;286;680;3;4282;9;353;310;303;107;0;0;1;304;278;49;191;318;2395;395;62;179;1;2266;2853;157;1009;729;890;252;836;93;935;670;239;0;458;69;1733;10003;0;0;4220;0;1262;7;235;3720;37;76;737;167;497;12091;187;0;0;45;0;21;12;4;0;0;16;18;87;135;0;187;56;6;181;13;166;16;42;64;18;53;19;136;163;30;1314;47;20;96;31;12;34;35;93;60;2;348;109;456;195;105;0;18;16;204;500;301;87;111;393;250;1427;435;539;31;830;658;7165;695;19;1010;401;364;4;51;229;1082
42002;2;0;0;0;0;0;24;0;11;0;1;5;16;0;3;0;0;0;4;83;5;1152;691;0;111;0;0;0;19;0;0;37;0;2;20;16;0;0;0;0;12;66;4;0;365;227;0;1;8;0;0;0;0;18;19;0;0;61;349;0;0;19;0;52;5;8;499;93;0;0;0;8;8;956;0;0;5;0;214;0;0;0;0;0;351;0;4;4;0;0;0;0;22;21;54;0;0;0;0;0;0;0;0;0;0;9;9;0;0;4;1;0;13;0;37;0;0;0;4;9;2;53;12;8;42;21;4;2;0;0;1;0;1;43;4;0;0;7;0;0;0;0;0;1;229;18;0;20;133;120;149;7;57;4;98;95;185;13;0;46;0;1;0;0;13;30
42008;0;73;19;590;0;0;17;5;43;706;0;20;7;1;46;0;0;10;455;10920;286;169;409;82;26;0;13;44;921;10;0;2168;194;332;195;1627;0;0;88;1403;91;120;82;0;2250;1;58;35;302;1553;7652;0;1;172;18;13;30;210;195;0;11;59;0;2132;64;70;731;519;0;14;0;181;350;373;350;43;165;112;1908;142;0;0;0;0;556;175;43;1617;0;0;120;13;11;488;24;0;12;124;0;0;2;0;0;6;4;8;20;6;0;47;11;0;53;0;14;4;12;0;16;23;0;83;30;6;405;22;10;29;0;0;11;0;112;0;9;1;0;95;0;0;0;5;20;212;378;150;20;100;116;36;557;49;65;6;256;297;727;146;37;131;45;32;5;0;85;78
42011;0;0;0;0;0;0;0;0;0;0;0;8;0;0;0;0;0;0;0;37;13;694;109;0;0;490;0;21;777;0;0;97;34;0;52;92;0;0;0;561;6;110;2;7;43;0;110;0;24;0;0;0;3;0;33;10;3;326;255;0;0;120;0;32;0;0;122;100;0;38;0;0;89;80;9;0;237;0;385;0;0;0;0;0;35;1;21;1079;0;0;19;0;0;307;142;0;0;0;0;0;0;0;0;0;0;242;0;9;0;0;0;0;16;0;1;0;2;0;0;0;0;0;23;0;15;7;11;0;0;0;0;0;20;0;4;0;0;7;0;0;0;0;0;0;94;4;0;40;45;2;51;0;6;0;26;32;69;0;0;0;0;0;0;0;0;24
42012;0;2;0;0;0;0;0;0;5;5;1;17;3;0;25;0;0;2;162;1749;289;351;542;0;12;0;2;0;888;28;0;422;205;5;180;392;0;0;6;143;301;197;82;0;2122;0;1253;3;550;149;0;0;0;4;9;71;37;115;467;0;0;64;21;915;0;1;1305;229;0;24;0;5;156;464;487;292;12;5;1336;0;0;0;0;0;200;0;24;1278;0;0;380;753;0;363;37;0;18;13;0;0;0;0;0;0;63;550;0;8;0;27;3;0;9;0;9;0;0;3;3;0;3;38;102;11;28;3;0;23;0;0;0;0;14;1;65;0;2;62;7;0;0;0;0;15;164;46;0;17;39;100;739;36;107;3;354;121;439;32;0;137;0;1;0;2;30;87
42013;0;0;3;0;0;0;0;0;6;0;0;0;0;0;1;0;0;0;29;0;1;113;669;0;318;0;0;0;237;6;0;160;56;0;134;19;0;0;161;7;6;45;52;0;144;0;7;0;55;92;0;0;0;0;0;0;110;24;22;0;2;0;0;85;0;1;406;40;517;0;0;15;21;40;0;0;0;3;122;0;0;0;0;0;58;0;7;3;0;1;0;2074;20;59;70;3388;369;338;0;0;0;0;0;0;0;6;0;11;0;8;4;0;35;0;2;0;14;4;0;0;0;145;11;54;40;0;0;4;0;0;0;2;0;1;10;0;1;80;0;0;0;520;33;78;10;32;49;4;53;49;100;31;30;0;138;92;311;121;1;153;16;14;0;1;16;295
42018;0;0;0;0;0;0;0;0;0;0;9;669;62;0;0;0;0;8;28;21;7;84;449;5;0;0;0;0;16;0;0;132;11;0;119;40;0;0;0;1;118;138;1;0;267;0;7;0;0;0;0;0;0;0;1;0;7;0;159;0;0;25;1;114;2;8;43;61;0;0;0;1;4;64;0;0;0;16;823;0;0;0;0;0;1608;0;10;0;0;591;0;0;26;0;43;0;0;20;0;0;0;0;0;0;0;0;0;5;0;21;2;0;16;0;2;0;8;0;0;0;0;18;0;8;9;11;1;0;0;1;0;4;0;0;0;0;0;4;0;0;0;0;0;4;12;32;0;0;20;3;35;2;8;0;24;34;175;12;8;24;1;2;0;0;17;77
42019;0;0;0;4;0;0;2;0;288;0;1;8;0;0;0;0;0;0;24;1457;107;493;757;23;64;0;12;35;214;0;0;95;6;1;111;109;0;0;2;45;21;37;8;0;623;0;0;0;201;0;0;0;24;241;1;27;7;16;7;0;0;0;0;705;39;2;767;115;10;24;0;0;243;76;0;102;29;54;796;0;0;0;0;0;672;0;7;0;0;98;21;0;0;225;132;0;0;0;0;0;0;0;0;0;69;0;732;0;0;4;3;0;21;0;0;0;11;0;2;2;1;26;0;3;97;0;0;0;0;0;2;1;22;6;0;0;0;51;0;0;0;0;0;19;28;20;0;5;14;18;184;0;49;2;69;226;485;25;0;74;3;0;0;0;2;5
43001;0;0;0;0;0;0;0;0;0;0;0;0;0;0;0;0;0;0;5;169;0;43;156;0;151;0;0;0;22;0;0;40;0;0;43;0;0;0;0;10;1;21;0;0;86;0;15;0;0;0;0;0;0;0;0;0;0;17;6;0;0;5;0;527;0;0;3309;56;0;0;0;9;118;0;0;0;0;0;3;0;0;0;0;0;37;0;45;0;0;0;0;0;0;46;0;0;0;2;0;0;0;0;0;0;0;4;0;0;0;0;0;0;0;0;0;0;0;0;0;6;2;6;0;0;7;5;1;0;0;0;0;0;1;0;0;0;0;24;0;0;0;0;0;0;0;0;0;0;35;0;53;5;0;0;4;17;15;4;0;2;0;0;0;0;4;35
43004;0;0;0;0;0;0;0;0;0;0;0;0;3;40;0;0;0;0;1;294;4;188;266;131;3;0;0;1;47;0;0;105;16;34;185;0;0;0;0;15;4;117;0;0;110;24;0;0;0;0;0;0;0;9;0;0;0;164;5;0;0;5;244;77;0;0;305;0;0;0;0;0;30;209;0;0;0;0;957;0;0;0;174;0;298;2616;20;2;0;0;41;64;2;62;0;0;110;0;0;0;0;0;0;0;0;0;0;0;0;0;0;0;11;0;0;0;0;0;0;8;12;0;17;6;4;6;2;1;0;0;0;0;0;1;0;0;0;21;0;0;0;0;0;3;86;9;2;0;127;0;5;12;0;1;1;42;168;3;0;15;0;0;0;0;0;3
43008;0;0;0;0;0;0;0;0;0;0;4;12;0;0;0;0;0;0;2;7;1;117;58;0;8;0;0;0;19;0;0;30;0;0;154;7;0;0;18;0;0;121;3;0;3;0;0;0;0;0;0;0;0;0;0;0;0;651;0;0;0;0;0;221;3;0;6350;7;0;0;0;0;2;13;0;0;0;0;133;0;0;0;0;0;0;0;0;0;0;0;0;0;0;20;28;0;0;0;0;0;0;0;0;0;0;0;7;0;0;0;0;0;0;0;14;0;2;0;1;0;0;0;5;0;5;119;0;0;0;0;0;0;0;0;0;0;0;26;0;0;0;0;0;1;59;0;9;0;81;0;11;4;0;1;11;7;28;0;0;2;0;5;0;0;0;9
43010;0;2;0;0;0;0;0;0;0;0;1;0;0;0;0;0;0;0;23;211;17;1504;578;0;1;0;14;0;15;0;0;14;0;6;146;1;0;0;26;26;43;20;11;0;100;0;0;0;0;0;0;0;0;0;0;0;30;283;37;0;0;21;0;62;0;22;2817;8;0;6;0;0;0;0;0;0;0;0;95;1;0;0;0;0;99;0;0;0;13;4;0;0;0;8;16;0;0;0;0;0;0;0;0;0;0;0;4;0;0;1;19;0;1;0;0;0;15;0;0;3;0;27;0;0;7;20;6;3;0;0;0;0;0;0;0;0;0;1;0;0;0;0;0;9;26;16;56;2;284;0;4;0;3;0;19;60;433;18;0;40;0;15;0;15;0;13
43012;0;0;0;0;0;0;0;0;0;0;0;0;0;0;0;0;0;0;1;7;0;6;58;0;0;0;0;0;0;0;0;6;0;0;5;9;0;0;0;0;0;0;0;0;9;0;0;0;0;0;0;0;0;0;0;0;0;0;3;0;0;24;0;0;94;11;4673;0;0;0;0;0;0;0;0;0;0;0;1;0;0;0;0;0;0;0;0;0;0;0;0;0;0;0;0;0;0;0;0;0;0;0;0;0;0;0;1;0;0;0;0;0;4;0;0;0;0;0;0;0;0;0;0;0;0;3;0;0;0;0;0;0;0;0;0;0;0;0;0;0;0;0;0;0;8;0;0;1;24;0;0;0;0;0;0;2;0;0;0;0;0;0;0;0;0;0
43016;0;0;3;3;0;26;0;0;143;0;322;43;69;10;0;0;0;13;234;2623;373;1042;982;0;221;51;36;12;1297;57;0;1682;292;3476;445;3345;0;312;0;265;161;2215;99;0;4914;0;205;110;305;1193;0;0;34;302;270;7;22;1013;548;5;238;9;0;2240;6;0;1101;634;185;13;12;0;466;2264;48;642;0;14;1423;0;0;0;2294;0;6782;8733;141;799;810;3639;129;162;343;6279;64;0;0;0;0;0;0;0;0;11;20;12;263;19;0;14;0;0;41;0;28;3;10;1;2;12;3;32;0;3;38;5;2;60;0;0;8;8;11;12;3;1;0;44;0;0;0;0;0;8;68;116;71;12;25;48;370;5;42;18;136;545;233;127;5;17;9;2;0;2;78;100
43020;0;0;0;0;0;0;0;0;0;0;0;0;0;0;0;0;0;0;12;228;0;179;286;8;0;0;0;0;37;0;0;56;0;4;92;8;0;0;0;0;18;1550;1;6;174;0;1;0;0;0;0;0;0;0;6;0;0;5;619;0;0;0;0;307;120;0;122;19;0;0;0;0;29;179;0;0;0;0;30;3;0;0;0;0;156;0;5;0;0;0;0;0;2;0;5;0;0;194;0;0;0;0;0;0;0;0;4;0;0;10;0;0;3;0;47;1;0;0;0;33;0;1;31;0;6;2;3;7;0;0;2;5;5;30;4;0;0;0;0;1;0;0;19;0;33;16;66;0;44;4;4;0;11;0;0;0;75;2;0;27;21;2;0;3;8;15
43026;17;7;1;23;0;0;1780;5;315;543;148;157;26;0;13;38;13;6;345;750;532;1245;1546;107;576;15;2000;93;1206;259;0;1176;597;1126;883;2125;0;2255;303;505;473;431;159;2;7555;0;145;113;587;88;3;0;171;772;41;81;1196;1896;1818;41;600;79;0;1649;1802;15;1250;2520;0;54;0;782;582;243;21;1097;231;169;1987;4447;0;840;226;0;275;0;286;415;3084;520;1151;448;884;5410;166;49;44;11;0;94;27;0;0;10;0;209;46;142;0;1222;51;0;117;6;59;33;96;6;36;34;1;150;253;66;805;20;2;41;0;0;4;86;107;10;35;15;10;185;1;1280;43;6;11;88;1157;310;50;102;389;111;1733;218;437;87;664;1253;6676;551;89;658;286;318;0;21;299;1124
43035;0;0;0;0;0;0;0;0;0;0;0;0;0;0;0;0;0;0;0;0;0;36;29;0;0;0;0;0;0;0;0;5;3;0;5;0;0;0;0;1;0;0;0;0;3;0;0;0;0;0;0;0;0;0;0;0;0;313;0;0;0;4;0;0;0;0;0;0;0;0;0;0;0;0;0;0;0;0;0;0;0;0;0;0;8;0;0;0;0;0;0;0;0;0;0;7491;11;0;0;0;0;0;0;0;0;0;0;0;0;7;0;0;8;0;5;1;0;0;35;5;0;3;5;0;23;0;0;0;0;0;0;0;29;0;0;0;0;10;0;0;0;9;0;105;1;1;38;0;9;0;3;0;0;0;0;0;599;108;0;13;6;0;0;0;0;23
52010;3;0;0;0;0;0;13;0;16;0;0;199;14;13;5;0;0;1;208;172;174;981;1311;29;318;30;7;96;268;0;0;119;27;0;712;33;0;0;84;116;80;88;97;0;1117;0;34;0;166;410;0;0;0;60;1;5;105;27;139;0;0;12;0;302;0;57;390;58;0;6;6;102;34;448;23;1;0;16;166;0;0;0;95;0;271;0;418;8;0;12;22;22;18;169;329;0;10;58;0;0;0;4;0;0;0;0;44;83;0;20;55;1;199;4;32;4;34;0;11;15;0;53;85;5;175;36;8;17;0;0;0;6;11;23;1;0;0;60;0;317;1;0;6;119;229;207;29;57;592;419;485;119;125;114;1255;720;2098;326;131;822;146;224;0;16;260;517
52017;0;425;0;0;0;0;0;0;0;0;0;0;0;0;0;0;0;0;0;0;4;170;69;0;0;0;2;0;0;0;0;15;0;0;17;1;0;0;0;4;0;0;0;0;15;0;0;0;0;0;0;0;0;0;0;0;0;0;0;0;0;0;0;0;0;0;809;0;0;0;0;0;0;0;0;0;0;0;19;2863;0;0;0;0;0;0;300;0;0;0;0;0;0;24;17;0;0;0;0;0;0;0;0;0;0;0;0;0;0;0;2;0;49;0;1;0;0;0;0;0;0;4;0;0;4;4;0;0;0;0;0;0;0;0;0;0;0;0;0;0;0;0;0;0;7;12;0;0;11;3;3;0;0;0;0;15;198;0;3;18;0;5;0;0;3;2
